<?xml version="1.0" encoding="UTF-8"?>
<quiz>
  <question type="category">
    <category>
      <text>Moodle QUIZ XML export</text>
    </category>
  </question>
  <question type="multichoice">
    <name>
      <text>Pregunta de historia:</text>
    </name>
    <questiontext>
      <text>¿En qué año se descubrió América?</text>
    </questiontext>
    <shuffleanswers>0</shuffleanswers>
    <single>true</single>
    <answer fraction="0">
      <text>1493</text>
    </answer>
    <answer fraction="0">
      <text>1495</text>
    </answer>
    <answer fraction="0">
      <text>1494</text>
    </answer>
    <answer fraction="100">
      <text>1492</text>
    </answer>
  </question>
  <question type="multichoice">
    <name>
      <text>Pregunta de historia:</text>
    </name>
    <questiontext>
      <text>¿En qué año se produjo la Revolución Francesa?</text>
    </questiontext>
    <shuffleanswers>0</shuffleanswers>
    <single>true</single>
    <answer fraction="0">
      <text>1788</text>
    </answer>
    <answer fraction="0">
      <text>1878­</text>
    </answer>
    <answer fraction="0">
      <text>1879</text>
    </answer>
    <answer fraction="100">
      <text>1789</text>
    </answer>
  </question>
  <question type="multichoice">
    <name>
      <text>Pregunta de historia:</text>
    </name>
    <questiontext>
      <text>¿Quien pintó las Meninas?</text>
    </questiontext>
    <shuffleanswers>0</shuffleanswers>
    <single>true</single>
    <answer fraction="0">
      <text>El Greco</text>
    </answer>
    <answer fraction="100">
      <text>Diego Velázquez</text>
    </answer>
    <answer fraction="0">
      <text>Bartolomé Esteban Murillo</text>
    </answer>
    <answer fraction="0">
      <text>Francisco de Goya</text>
    </answer>
  </question>
  <question type="multichoice">
    <name>
      <text>Pregunta de historia:</text>
    </name>
    <questiontext>
      <text>Durante la Segunda Guerra Mundial, ¿cuál fue la fecha del ataque japonés a Pearl Harbor?</text>
    </questiontext>
    <shuffleanswers>0</shuffleanswers>
    <single>true</single>
    <answer fraction="0">
      <text>11 de Diciembre de 1940</text>
    </answer>
    <answer fraction="100">
      <text>7 de Diciembre de 1941</text>
    </answer>
    <answer fraction="0">
      <text>30 de Junio de 1943</text>
    </answer>
    <answer fraction="0">
      <text>12 de Junio de 1942</text>
    </answer>
  </question>
  <question type="multichoice">
    <name>
      <text>Pregunta de historia:</text>
    </name>
    <questiontext>
      <text>¿Quiénes se enfrentaron en la batalla de Lepanto?</text>
    </questiontext>
    <shuffleanswers>0</shuffleanswers>
    <single>true</single>
    <answer fraction="0">
      <text>El Imperio español contra Inglaterra</text>
    </answer>
    <answer fraction="100">
      <text>El Imperio Español contra ­el Imperio Otomano</text>
    </answer>
    <answer fraction="0">
      <text>El Imperio Español contra Francia</text>
    </answer>
    <answer fraction="0">
      <text>Inglaterra contra Francia</text>
    </answer>
  </question>
  <question type="multichoice">
    <name>
      <text>Pregunta de historia:</text>
    </name>
    <questiontext>
      <text>¿Qué civilización prehispánica adoró al Dios Kukulkán?</text>
    </questiontext>
    <shuffleanswers>0</shuffleanswers>
    <single>true</single>
    <answer fraction="0">
      <text>Inca</text>
    </answer>
    <answer fraction="100">
      <text>Maya</text>
    </answer>
    <answer fraction="0">
      <text>Azteca</text>
    </answer>
    <answer fraction="0">
      <text>Egipcia</text>
    </answer>
  </question>
  <question type="multichoice">
    <name>
      <text>Pregunta de historia:</text>
    </name>
    <questiontext>
      <text>¿Con cuántas colonias inglesas se formaron los Estados Unidos?</text>
    </questiontext>
    <shuffleanswers>0</shuffleanswers>
    <single>true</single>
    <answer fraction="0">
      <text>12</text>
    </answer>
    <answer fraction="0">
      <text>17</text>
    </answer>
    <answer fraction="100">
      <text>13</text>
    </answer>
    <answer fraction="0">
      <text>14</text>
    </answer>
  </question>
</quiz>
